funcname,n,waste
first_fit,10,0.834973
first_fit,100,5.54496
first_fit,1000,26.0723
first_fit,10000,139.957
first_fit,100000,680.731
