funcname,n,waste
best_fit,10,1.15889
best_fit,100,4.79615
best_fit,1000,21.431
best_fit,10000,99.7018
best_fit,100000,340.237
